Category,Name,Rate
ARISHTASAVAM,ABAYARISHTAM 200ML,28
ARISHTASAVAM,ABAYARISHTAM 450ML,60
ARISHTASAVAM,AHIFANASAVAM 10ML,32
ARISHTASAVAM,AMRUTHARISHTAM 200ML,32
ARISHTASAVAM,AMRUTHARISHTAM 450ML,67
ARISHTASAVAM,ARAGWADHARISHTAM 200ML,32
ARISHTASAVAM,ARAGWADHARISHTAM 450ML,70
ARISHTASAVAM,ARAVINDASAVAM 200ML,32
ARISHTASAVAM,ARAVINDASAVAM 450ML,70
ARISHTASAVAM,ASOKARISHTAM 200ML,25
ARISHTASAVAM,ASOKARISHTAM 450ML,63
ARISHTASAVAM,ASWAGANDHARISHTAM 200ML,49
ARISHTASAVAM,ASWAGANDHARISHTAM 450ML,109
ARISHTASAVAM,AYASKRITHI 200ML,35
ARISHTASAVAM,AYASKRITHI 450ML,77
ARISHTASAVAM,BALARISHTAM 200ML,32
ARISHTASAVAM,BALARISHTAM 450ML,70
ARISHTASAVAM,CHANDANASAVAM 200ML,28
ARISHTASAVAM,CHANDANASAVAM 450ML,60
ARISHTASAVAM,CHAVIKASAVAM 200ML,35
ARISHTASAVAM,CHAVIKASAVAM 450ML,77
ARISHTASAVAM,DANTHYARISHTAM 200ML,28
ARISHTASAVAM,DANTHYARISHTAM 450ML,60
ARISHTASAVAM,DASAMOOLAJEEERAKARISHTAM 450ML,89
ARISHTASAVAM,DASAMOOLARISHTAM 200ML,35
ARISHTASAVAM,DASAMOOLARISHTAM 450ML,77
ARISHTASAVAM,DHANWANTHARISHTAM 200ML,42
ARISHTASAVAM,DHANWANTHARISHTAM 450ML,91
ARISHTASAVAM,DRAKSHARISHTAM 200ML,42
ARISHTASAVAM,DRAKSHARISHTAM 450ML,91
ARISHTASAVAM,DURALABHARISHTAM 200ML,35
ARISHTASAVAM,DURALABHARISHTAM 450ML,74
ARISHTASAVAM,JEERAKARISHTAM 200ML,46
ARISHTASAVAM,JEERAKARISHTAM 450ML,98
ARISHTASAVAM,KANAKASAVAM 200ML,32
ARISHTASAVAM,KANAKASAVAM 450ML,67
ARISHTASAVAM,KARPOORASAVAM 10ML,25
ARISHTASAVAM,KHADIRARISHTAM 200ML,42
ARISHTASAVAM,KHADIRARISHTAM 450ML,91
ARISHTASAVAM,KUMARYASAVAM 200ML,35
ARISHTASAVAM,KUMARYASAVAM 450ML,77
ARISHTASAVAM,KUTAJARISHTAM 200ML,32
ARISHTASAVAM,KUTAJARISHTAM 450ML,70
ARISHTASAVAM,LODHRASAVAM 200ML,39
ARISHTASAVAM,LODHRASAVAM 450ML,84
ARISHTASAVAM,LOHASAVAM 200ML,35
ARISHTASAVAM,LOHASAVAM 450ML,77
ARISHTASAVAM,MADHOOKASAVAM 200ML,53
ARISHTASAVAM,MADHOOKASAVAM 450ML,116
ARISHTASAVAM,MOOLAKASAVAM 450ML,91
ARISHTASAVAM,MRUDWEEKARISHTAM 200ML,42
ARISHTASAVAM,MRUDWEEKARISHTAM 450ML,95
ARISHTASAVAM,MUSTHARISHTAM 200ML,32
ARISHTASAVAM,MUSTHARISHTAM 450ML,70
ARISHTASAVAM,PARTHARISHTAM 200ML,32
ARISHTASAVAM,PARTHARISHTAM 450ML,70
ARISHTASAVAM,PIPPALYASAVAM 200ML,30
ARISHTASAVAM,PIPPALYASAVAM 450ML,67
ARISHTASAVAM,POOTHIKASAVAM 200ML,28
ARISHTASAVAM,POOTHIKASAVAM 450ML,63
ARISHTASAVAM,PUNARNAVASAVAM 200ML,30
ARISHTASAVAM,PUNARNAVASAVAM 450ML,67
ARISHTASAVAM,ROHITHAKARISHTAM 200ML,28
ARISHTASAVAM,ROHITHAKARISHTAM 450ML,60
ARISHTASAVAM,SARASWATHARISHTAM (GOLD) 10ML,482
ARISHTASAVAM,SARIBADYASAVAM 200ML,32
ARISHTASAVAM,SARIBADYASAVAM 450ML,70
ARISHTASAVAM,USEERASAVAM 200ML,35
ARISHTASAVAM,USEERASAVAM 450ML,81
ARISHTASAVAM,VASARISHTAM 200ML,46
ARISHTASAVAM,VASARISHTAM 450ML,98
ARISHTASAVAM,VIDARYADYASAVAM 200ML,32
ARISHTASAVAM,VIDARYADYASAVAM 450ML,70
BHASMAM,ABHRA BHASMAM 10GM,186
BHASMAM,ABHRA BHASMAM 5GM,95
BHASMAM,ANNABHEDI SINDHOORAM 10GM,63
BHASMAM,ANNABHEDI SINDHOORAM 20GM,126
BHASMAM,ANNABHEDI SINDHOORAM 5GM,35
BHASMAM,AVALTHOLADI BHASMAM 100GM,196
BHASMAM,AVALTHOLADI BHASMAM 50GM,98
BHASMAM,GANDHAKA RASAYANAM 10GM,56
BHASMAM,GANDHAKA RASAYANAM 25GM,140
BHASMAM,GANDHAKA RASAYANAM 5GM,28
BHASMAM,KANTHA SINDHOORAM 10GM,60
BHASMAM,KANTHA SINDHOORAM 5GM,32
BHASMAM,LOHA SINDHOORAM 10GM,77
BHASMAM,LOHA SINDHOORAM 25GM,186
BHASMAM,LOHA SINDHOORAM 5GM,39
BHASMAM,MANDOORA BHASMAM 10GM,119
BHASMAM,MANDOORA BHASMAM 20GM,231
BHASMAM,PANAVIRALADI BHASMAM 100GM,54
BHASMAM,PANAVIRALADI BHASMAM 50GM,35
BHASMAM,PRAVALA BHASMAM 10GM,329
BHASMAM,PRAVALA BHASMAM 20GM,655
BHASMAM,PRAVALA BHASMAM 5GM,168
BHASMAM,SANGHU BASMAM 10GM,46
BHASMAM,SANGHU BASMAM 5GM,25
BHASMAM,SANKHA BHASMAM 10G,56
BHASMAM,SANKHA BHASMAM 5G,28
CHOORNAM,ABHAYA CHOORNAM 500GM,147
CHOORNAM,ABHAYA CHOORNAM 50GM,18
CHOORNAM,ABHAYADI CHOORANAM 500GM,487
CHOORNAM,ABHAYADI CHOORANAM 50GM,49
CHOORNAM,AGNIMUGHA CHOORNAM 500GM,231
CHOORNAM,AGNIMUGHA CHOORNAM 50GM,25
CHOORNAM,AMAYA CHOORNAM 500GM,287
CHOORNAM,AMAYA CHOORNAM 50GM,32
CHOORNAM,AMRUTHADI CHOORNAM 50GM,28
CHOORNAM,AMRUTHADI KSC 500G,133
CHOORNAM,AMRUTHADI KSC 50G,14
CHOORNAM,APARAJITHADOOMA CHOORNAM 50GM,39
CHOORNAM,ASANA CHOORNAM 10 GM,11
CHOORNAM,ASANA CHOORNAM 50 GM,21
CHOORNAM,ASHTA CHOORNAM 10GM,14
CHOORNAM,ASHTA CHOORNAM 500GM,515
CHOORNAM,ASHTA CHOORNAM 50GM,56
CHOORNAM,ASWAGANDHA CHOORNAM 500GM,452
CHOORNAM,ASWAGANDHA CHOORNAM 50GM,49
CHOORNAM,AVIPATHI CHOORNAM 10GM,14
CHOORNAM,AVIPATHI CHOORNAM 500GM,420
CHOORNAM,AVIPATHI CHOORNAM 50GM,46
CHOORNAM,AVIPATHIKARA CHOORNAM 500GM,546
CHOORNAM,AVIPATHIKARA CHOORNAM 50GM,63
CHOORNAM,AYUSH KWATH 100GM,76
CHOORNAM,AYUSH KWATH 50GM,39
CHOORNAM,BALADHI KSC 200G,77
CHOORNAM,CHANDANA CHOORNAM 500GM,3108
CHOORNAM,CHANDANA CHOORNAM 50GM,312
CHOORNAM,CHITHRAKA CHOORNAM 500GM,2310
CHOORNAM,CHITHRAKA CHOORNAM 50GM,231
CHOORNAM,DADIMASHTAKA CHOORNAM 500GM,385
CHOORNAM,DADIMASHTAKA CHOORNAM 50GM,42
CHOORNAM,DANTHI CHOORNAM 500GM,441
CHOORNAM,DANTHI CHOORNAM 50GM,46
CHOORNAM,DIABETDRINKS 50GM,23
CHOORNAM,ELADI CHOORNAM 500GM,515
CHOORNAM,ELADI CHOORNAM 50GM,56
CHOORNAM,ELADIGANA CHOORNAM 500GM,630
CHOORNAM,ELADIGANA CHOORNAM 50GM,67
CHOORNAM,GOKSHURA CHOORNAM 500GM,336
CHOORNAM,GOKSHURA CHOORNAM 50GM,35
CHOORNAM,GRUHADHOOMADILEPA CHOORNAM 500GM,301
CHOORNAM,GRUHADHOOMADILEPA CHOORNAM 50GM,32
CHOORNAM,GULGULUPANCHAPALA CHOORNAM 50 GM,70
CHOORNAM,GULGULUPANCHAPALA CHOORNAM 500GM,644
CHOORNAM,GULUCHEE CHOORNAM 500GM,231
CHOORNAM,GULUCHEE CHOORNAM 50GM,25
CHOORNAM,GULUCHYADI KSC 500G,133
CHOORNAM,GULUCHYADI KSC 50G,14
CHOORNAM,HINGUVACHADI CHOORNAM 500GM,420
CHOORNAM,HINGUVACHADI CHOORNAM 50GM,46
CHOORNAM,INTHUPPUKANATHAM 500GM,420
CHOORNAM,INTHUPPUKANATHAM 50GM,42
CHOORNAM,JATAMAYADILEPA CHOORNAM 200GM,154
CHOORNAM,JEERAKA  CHOORNAM 500GM,697
CHOORNAM,JEERAKA  CHOORNAM 50GM,70
CHOORNAM,KACHOORADI CHOORNAM 50GM,46
CHOORNAM,KALLYANAKSHARAM 250GM,301
CHOORNAM,KANTAKARI CHOORNAM 500GM,217
CHOORNAM,KANTAKARI CHOORNAM 50GM,25
CHOORNAM,KARPOORADHI CHOORNAM 500GM,490
CHOORNAM,KARPOORADI CHOORNAM 50G,53
CHOORNAM,KARPPURADI CHOORNAM 50GM,45
CHOORNAM,KOLAKULATHADI CHOORNAM 200GM,84
CHOORNAM,KOLAKULATHADI CHOORNAM 50GM,25
CHOORNAM,KOTTAMCHUKKADHI CHOORNAM 200GM,126
CHOORNAM,KUTAJA CHOORNAM 500GM,217
CHOORNAM,KUTAJA CHOORNAM 50GM,25
CHOORNAM,MAHARASNADI KSC 500G,161
CHOORNAM,MAHARASNADI KSC 50G,21
CHOORNAM,MARICHA CHOORNAM 500GM,441
CHOORNAM,MARICHA CHOORNAM 50GM,46
CHOORNAM,MISI CHOORNAM 500GM,242
CHOORNAM,MISI CHOORNAM 50GM,25
CHOORNAM,MUSTHA CHOORNAM 500GM,147
CHOORNAM,MUSTHA CHOORNAM 50GM,18
CHOORNAM,NAGAKESARA CHOORNAM 500GM,242
CHOORNAM,NAGAKESARA CHOORNAM 50GM,25
CHOORNAM,NAGARADHI LEPA  CHOORNAM 200GM,154
CHOORNAM,NAGARADHI LEPA CHOORNAM 50GM,42
CHOORNAM,NAVAYASA CHOORNAM 50GM,70
CHOORNAM,NIMBADI CHOORNAM 500GM,322
CHOORNAM,NIMBADI CHOORNAM 50GM,35
CHOORNAM,NISA CHORNAM 500GM,308
CHOORNAM,NISA CHORNAM 50GM,32
CHOORNAM,OUSHADHI DHAHASAMANI 50GM,29
CHOORNAM,OUSHADHI FACE PACK 50GMS,105
CHOORNAM,OUSHADHI TOOTH POWDER 25GM,29
CHOORNAM,PANCHAKOLA CHOORNAM 500GM,630
CHOORNAM,PANCHAKOLADI CHOORNAM 50GM,63
CHOORNAM,PATHYADI KSC 500G,182
CHOORNAM,PATHYADI KSC 50G,21
CHOORNAM,PIPPALI CHORNAM 500GM,1050
CHOORNAM,PIPPALI CHORNAM 50GM,105
CHOORNAM,PIPPALIMOOLA CHOORNAM 500GM,263
CHOORNAM,PIPPALIMOOLA CHOORNAM 50GM,28
CHOORNAM,PRAMEHOUSHADHI 100GM,102
CHOORNAM,PRAMEHOUSHADHI 200GM,190
CHOORNAM,PUNARNAVA CHOORNAM 500GM,263
CHOORNAM,PUNARNAVA CHOORNAM 50GM,28
CHOORNAM,PUNARNAVADI KSC 500G,161
CHOORNAM,PUNARNAVADI KSC 50G,18
CHOORNAM,PURANADHATHRIPHALA CHOORNAM 500GM,154
CHOORNAM,PURANADHATHRIPHALA CHOORNAM 50GM,18
CHOORNAM,PUSHYANUGA CHOORNAM 500GM,644
CHOORNAM,PUSHYANUGA CHOORNAM 50GM,70
CHOORNAM,RAJANNYADI CHOORNAM 500GM,385
CHOORNAM,RAJANNYADI CHOORNAM 50GM,42
CHOORNAM,RASNADI CHOORNAM 10GM,14
CHOORNAM,RASNADI CHOORNAM 500GM,515
CHOORNAM,RASNADI CHOORNAM 50GM,56
CHOORNAM,RASNERANDADI KSC 500G,154
CHOORNAM,SARASWATHA CHOORNAM 500GM,644
CHOORNAM,SARASWATHA CHOORNAM 50GM,70
CHOORNAM,SARPAGANADHI CHOORNAM 500GM,858
CHOORNAM,SARPAGANADHI CHOORNAM 50GM,98
CHOORNAM,SARPAGANDHYADI CHOORNAM 500GM,805
CHOORNAM,SARPAGANDHYADI CHOORNAM 50GM,88
CHOORNAM,SATHAVARI CHOORNAM 500GM,441
CHOORNAM,SATHAVARI CHOORNAM 50GM,53
CHOORNAM,SHADDHARNA CHOORNAM 50GM,98
CHOORNAM,SITHOLPALADI CHOORNAM 500GM,483
CHOORNAM,SITHOLPALADI CHOORNAM 50GM,53
CHOORNAM,SOMALATHA CHOORNAM 500GM,532
CHOORNAM,SOMALATHA CHOORNAM 50GM,56
CHOORNAM,SUDARSANA CHOORNAM 500GM,319
CHOORNAM,SUDARSANA CHOORNAM 50GM,35
CHOORNAM,SUNDI CHOORNAM 500GM,441
CHOORNAM,SUNDI CHOORNAM 50GM,46
CHOORNAM,SWETHASANKUPUSPA CHOORNAM 500GM,322
CHOORNAM,SWETHASANKUPUSPA CHOORNAM 50GM,35
CHOORNAM,THALEESAPATHRADI CHOORNAM 10GM,14
CHOORNAM,THALEESAPATHRADI CHOORNAM 500GM,420
CHOORNAM,THALEESAPATHRADI CHOORNAM 50GM,46
CHOORNAM,THRIKATU CHOORNAM 500GM,623
CHOORNAM,THRIKATU CHOORNAM 50GM,74
CHOORNAM,THRIVATH CHOORNAM 500GM,217
CHOORNAM,THRIVATH CHOORNAM 50GM,25
CHOORNAM,UNMADANASINI CHOORNAM 500GM,392
CHOORNAM,UNMADANASINI CHOORNAM 50GM,42
CHOORNAM,USEERA CHOORNAM 500GM,312
CHOORNAM,USEERA CHOORNAM 50GM,32
CHOORNAM,VACHA CHOORNAM 500GM,263
CHOORNAM,VACHA CHOORNAM 50GM,28
CHOORNAM,VAISWANARA CHOORNAM 500GM,385
CHOORNAM,VAISWANARA CHOORNAM 50GM,39
CHOORNAM,VARA CHOORNAM 500GM,385
CHOORNAM,VARA CHOORNAM 50GM,42
CHOORNAM,VIDANGA CHOORNAM 500GM,543
CHOORNAM,VIDANGA CHOORNAM 50GM,56
CHOORNAM,YASHTI CHOORNAM 500GM,277
CHOORNAM,YASHTI CHOORNAM 50GM,28
CHOORNAM,YAVANYADI CHOORNAM 500GM,350
CHOORNAM,YAVANYADI CHOORNAM 50GM,39
CHOORNAM,YOGARAJA CHOORNAM 500GM,487
CHOORNAM,YOGARAJA CHOORNAM 50GM,49
GHRUTHAM,BRAHMI GHRUTHAM 200ML,189
GHRUTHAM,BRAHMI GHRUTHAM 450ML,420
GHRUTHAM,BRAHMIKALLYANAKA GRITHAM 200ML,151
GHRUTHAM,BRAHMIKALYANAKA GHRUTHAM 450ML,336
GHRUTHAM,DADIMADHI GHRUTHAM 200ML,189
GHRUTHAM,DADIMADHI GHRUTHAM 450ML,420
GHRUTHAM,DHANWANTHARA GHRUTHAM 200ML,207
GHRUTHAM,DHANWANTHARA GHRUTHAM 450ML,462
GHRUTHAM,DHATHRYADI GRITHAM 200ML,196
GHRUTHAM,DHATHRYADI GRITHAM 450ML,441
GHRUTHAM,DHATRYADI GHRUTHAM (MUTTON EXTRACT) 450ML,414
GHRUTHAM,DURVA GHRUTHAM 200ML,186
GHRUTHAM,DURVA GHRUTHAM 450ML,420
GHRUTHAM,GULGULUTHIKTAKAM GRITHAM 200ML,235
GHRUTHAM,GULGULUTHIKTAKAM GRITHAM 450ML,525
GHRUTHAM,INDUKANTHA GHRUTHAM 200ML,207
GHRUTHAM,INDUKANTHA GHRUTHAM 450ML,462
GHRUTHAM,JATHYADI GHRUTHAM 200ML,186
GHRUTHAM,JATHYADI GHRUTHAM 450ML,420
GHRUTHAM,JEEVANTHYADI GHRUTHAM 200ML,767
GHRUTHAM,JEEVANTHYADI GHRUTHAM 450ML,1722
GHRUTHAM,KALLYANAKA GHRUTHAM 200ML,196
GHRUTHAM,KALLYANAKA GHRUTHAM 450ML,441
GHRUTHAM,KARASKARA GHRUTHAM 200ML,245
GHRUTHAM,KARASKARA GHRUTHAM 450ML,546
GHRUTHAM,KOOSMANDASWARASA GHRUTHAM 200ML,168
GHRUTHAM,KOOSMANDASWARASA GHRUTHAM 450ML,375
GHRUTHAM,MAHAKALYANAKA GHRUTHAM 200ML,214
GHRUTHAM,MAHAKALYANAKA GHRUTHAM 450ML,483
GHRUTHAM,MAHALPANCHAGAVYA GHRUTHAM 450ML,431
GHRUTHAM,MAHALPANCHAGAVYA GRITHAM 200ML,196
GHRUTHAM,MAHAPAISACHIKA GHRUTHAM 200ML,161
GHRUTHAM,MAHAPAISACHIKA GHRUTHAM 450ML,357
GHRUTHAM,MAHATHIKTHAKA GHRUTHAM 200ML,214
GHRUTHAM,MAHATHIKTHAKA GHRUTHAM 450ML,483
GHRUTHAM,NEELEE GHRUTHAM 200ML,340
GHRUTHAM,NEELEE GHRUTHAM 450ML,763
GHRUTHAM,NEELEEDALADI GHRUTHAM 200ML,172
GHRUTHAM,NEELEEDALADI GHRUTHAM 450ML,385
GHRUTHAM,PADADARVADHI GHRUTHAM 200ML,294
GHRUTHAM,PANCHAGAVYA GHRUTHAM 200ML,158
GHRUTHAM,PANCHAGAVYA GHRUTHAM 450ML,357
GHRUTHAM,PATOLADI GHRUTHAM 200ML,196
GHRUTHAM,PATOLADI GHRUTHAM 450ML,441
GHRUTHAM,PHALASARPHIS 200ML,196
GHRUTHAM,PHALASARPHIS 450ML,441
GHRUTHAM,PURANA GHRUTHAM 200ML,126
GHRUTHAM,PURANA GHRUTHAM 450ML,280
GHRUTHAM,RASNADASAMOOLA GHRUTHAM 200ML,175
GHRUTHAM,RASNADASAMOOLA GHRUTHAM 450ML,392
GHRUTHAM,SARASWATHAGHRUTHAM 200ML,158
GHRUTHAM,SARASWATHAGHRUTHAM 450ML,357
GHRUTHAM,SHADPHALA GHRUTHAM 200ML,154
GHRUTHAM,SHADPHALA GHRUTHAM 450ML,347
GHRUTHAM,SUGHAPRASAVADA GHRUTHAM 200ML,256
GHRUTHAM,SUKUMARA GHRUTHAM 200ML,238
GHRUTHAM,SUKUMARA GHRUTHAM 450ML,536
GHRUTHAM,THIKTHAKA GHRUTHAM 200ML,200
GHRUTHAM,THIKTHAKA GHRUTHAM 450ML,452
GHRUTHAM,THRYPHALA GHRUTHAM 200ML,154
GHRUTHAM,THRYPHALA GHRUTHAM 450ML,347
GHRUTHAM,VAJRAKA GHRUTHAM 200ML,168
GHRUTHAM,VAJRAKA GHRUTHAM 450ML,375
GHRUTHAM,VIDARYADI GHRUTHAM (MUTTON EXTRACT) 200ML,224
GHRUTHAM,VIDARYADI GHRUTHAM (MUTTON EXTRACT) 450ML,497
GHRUTHAM,VIDARYADI GHRUTHAM 200ML,168
GHRUTHAM,VIDARYADI GHRUTHAM 450ML,378
GULIKA,ASHTAKSHARI GULIKA 100NO,252
GULIKA,AYUSH GUTTI 60 NO,72
GULIKA,AYUSH-64 TABLET 100NO,262
GULIKA,AYUSH-64 TABLET 40NO,105
GULIKA,BALARASAYANAM TABLET 60 NO,81
GULIKA,CARDOCARE TABLET 100NO,167
GULIKA,CHANDANADIVARTHI GULIKA 100NO,588
GULIKA,CHANDRAPRABHA GULIKA 100NO,196
GULIKA,CHARNGERYADI GULIKA 100NO,322
GULIKA,CHITRAKADI GLIKA 100 NO,235
GULIKA,CHUKKUMTHIPPALLYADI GULIKA 100NO,175
GULIKA,DASANGAM GULIKA 100NO,525
GULIKA,DHANWANTHARAM GULIKA 100NO,189
GULIKA,DOOSHIVISHAHARI GULIKA 100NO,266
GULIKA,GOKSHURADHI GULGULU 100NO,378
GULIKA,GOPICHANDANADI GULIKA 100NO,186
GULIKA,GOROCHANADI GULIKA 100NO,2386
GULIKA,JATHEEMUKULADIVARTHI GULIKA 100NO,252
GULIKA,KACHOORADIVATTU GULIKA 100NO,256
GULIKA,KAISORAGULGULU GULIKA 100NO,273
GULIKA,KANCHANARA GUGGULU 100NO,224
GULIKA,KARUTHAVATTU GULIKA 100NO,312
GULIKA,KHADIRA GULIKA 100NO,546
GULIKA,KRIMIGHNAVTI GULIKA 100NO,172
GULIKA,LAGHUSUTHASEKHARA RASAM TABLET 100NO,91
GULIKA,LAKSHA GULGGULU GULIKA 100NO,210
GULIKA,LAVANGADHI GULIKA 100NO,196
GULIKA,LIPOCARE TABLET 100NO,263
GULIKA,MANASAMITHRAVATAKAM GULIKA 100NO,3199
GULIKA,MANASAMITHRAVATAKAM GULIKA 10NO,322
GULIKA,MANDOORAVATAKAM GULIKA 100NO,266
GULIKA,MARMAVATTU GULIKA 100NO,294
GULIKA,MUKKAMUKKADUKADI GULIKA 100NO,147
GULIKA,NAVAYASAM GULIKA 100NO,315
GULIKA,PONKARADI GULIKA 100NO,508
GULIKA,PRABHAKARAVATI TABLET 100 NO,109
GULIKA,PRAMEHOUSHADHI TABLET 100NOS,210
GULIKA,PUNARNAVA GULGULU 100 NO,238
GULIKA,PUNARNAVA MANDOORAM 100NO,140
GULIKA,PUSHYANUGAM GULIKA 100NO,462
GULIKA,RAJAPRAVARTHINIVADI 100NO,151
GULIKA,SAMSAMANI VATI 100 NO,130
GULIKA,SANJEEVANI VATI 100 NO,74
GULIKA,SAPTHAVIMSHATHIKA GULGULU 100NO,336
GULIKA,SARVAROGAKULANTHAKAM GULIKA 100NO,953
GULIKA,SHADDHARANAM TABLET 100NOS,233
GULIKA,SIVAGULIKA 10NOS,151
GULIKA,SUDARSHANAM TABLET 100NOS,132
GULIKA,SURYAPRADHA GULIKA 100NO,123
GULIKA,SWASANANDAM GULIKA 100NO,204
GULIKA,THRIPHALA GULGULU 100NO,298
GULIKA,THRIPHALADI GULIKA 100NO,126
GULIKA,URAMARUNNU GULIKA 100NO,140
GULIKA,VAYU GULIKA 100NO,315
GULIKA,VETTUMARAN GULIKA 100NO,203
GULIKA,VIDANGADI GULIKA 100NO,259
GULIKA,VIGOR PLUS CAPSULE 60NOS,289
GULIKA,VILWADI GULIKA 100NO,252
GULIKA,VIMALAVARTHI GULIKA 100NO,777
GULIKA,YOGARAJAGULGULU GULIKA 100NO,210
KASHAYAM,AMRUTHOTHARAM KASHAYAM 200ML,77
KASHAYAM,ASTAVARGAM (BALASAHACHRADI) 200ML,88
KASHAYAM,BADRADARVADHI KASHAYAM 200ML,84
KASHAYAM,BALAGULUCHYADHI KASHAYAM 200ML,70
KASHAYAM,BALAJEERAKADHI KASHAYAM 200ML,74
KASHAYAM,BALAMOOLADI KASHAYAM 200ML,57
KASHAYAM,BHRAHATHYADHI KASHAYAM 200ML,77
KASHAYAM,CHIRUVILWADI KASHAYAM 200ML,112
KASHAYAM,DASAMOOLAKADUTRYAMKASHAYA 200ML,98
KASHAYAM,DHANADANAYANADI KASHAYAM 200ML,112
KASHAYAM,DHANWANTHARAM KASHAYAM 200ML,109
KASHAYAM,DRAKSHADHI KASHAYAM 200ML,112
KASHAYAM,DUSPARSAKADI KASHAYAM 200ML,109
KASHAYAM,ELAKANADHI KASHAYAM 200ML,116
KASHAYAM,GANDRAVAHASTADI KASHAYAM 200ML,77
KASHAYAM,GULGULUTHIKTHAKOMKASHAYAM 200ML,140
KASHAYAM,GULUCHYADHI KASHAYAM 200ML,130
KASHAYAM,INDHUKANTHAM KASHAYAM 200ML,88
KASHAYAM,KATHAKAKADHIRADHIKASHAYAM 200ML,74
KASHAYAM,KOKILAKSHAM KASHAYAM 200ML,74
KASHAYAM,MAHAMANJISHTATHI KASHAYAM 200ML,116
KASHAYAM,MAHARASNADHI KASHAYAM 200ML,123
KASHAYAM,MAHATHIKTHAKAM KASHAYAM 200ML,147
KASHAYAM,MANJISTADI KASHAYAM 200ML,105
KASHAYAM,MUSALIKADHIRADI KASHAYAM 200ML,70
KASHAYAM,MUSTAKARANJADI KASHAYAM 200ML,98
KASHAYAM,NAYOPAYAM KASHAYAM 200ML,119
KASHAYAM,NIMBATHI KASHAYAM 200ML,84
KASHAYAM,NIRGUNYADHI KASHAYAM 200ML,70
KASHAYAM,NISAKATAKADI KASHAYAM 200ML,81
KASHAYAM,PADOLADHIGANAM KASHAYAM 200ML,154
KASHAYAM,PANCHATIKTHAKAM KASHAYAM 200ML,95
KASHAYAM,PATHYADHI KASHAYAM 200ML,84
KASHAYAM,PATYAKSHADATHRAYADI KASHAYAM 200ML,88
KASHAYAM,PRASARANYADHI KASHAYAM 200ML,84
KASHAYAM,PUNARNNAVADHI KASHAYAM 200ML,84
KASHAYAM,RASNASAPTAKAM KASHAYAM 200ML,88
KASHAYAM,RASNERANDADI KASHAYAM 200ML,130
KASHAYAM,RASONATHI KASHAYAM 200ML,137
KASHAYAM,SAHACHARADI KASHAYAM 200ML,84
KASHAYAM,SAPTHASARAM KASHAYAM 200ML,95
KASHAYAM,SUKUMARAM KASHAYAM 200ML,95
KASHAYAM,THRAYANTHYATHI KASHAYAM 200ML,126
KASHAYAM,VAJRAKAM KASHAYAM 200ML,77
KASHAYAM,VARANADHI KASHAYAM 200ML,77
KASHAYAM,VASAGULUCHYADHI KASHAYAM 200ML,74
KASHAYAM,VIDARYADHI KASHAYAM 200ML,91
KASHAYAM,VYOSHADHI KASHAYAM 200ML,77
KC,AMRUTHOTHARAM  KC 1KG,221
KC,AMRUTHOTHARAM  KC 250GM,56
KC,AMRUTHOTHARAM  KC 3KG,555
KC,AMRUTHOTHARAM  KC 500GM,112
KC,ARAGWADI KC 1 KG,1208
KC,ARAGWADI KC 100GM,126
KC,ARAGWADI KC 250GM,308
KC,ARAGWADI KC 500GM,609
KC,ASTAVARGAM  KC 2KG,360
KC,ASTAVARGAM  KC 500GM,109
KC,BHADRADARVADI  KC 1 KG,231
KC,BHADRADARVADI  KC 250GM,60
KC,BHADRADARVADI  KC 2KG,382
KC,BHADRADARVADI  KC 500GM,116
KC,BRAHATHYADI  KC 1KG,186
KC,BRAHATHYADI  KC 250GM,49
KC,BRAHATHYADI  KC 2KG,308
KC,BRAHATHYADI  KC 500GM,95
KC,BRIHAT/MAHAMANJISHTATHI KC 1KG,406
KC,BRIHAT/MAHAMANJISHTATHI KC 250G,119
KC,BRIHAT/MAHAMANJISHTATHI KC 500G,214
KC,CHIRUVILWADI  KC 1KG,343
KC,CHIRUVILWADI  KC 250GM,88
KC,CHIRUVILWADI  KC 3KG,858
KC,CHIRUVILWADI  KC 500GM,175
KC,DASAMOOLAKADUTHRAYAM  KC 1KG,256
KC,DASAMOOLAKADUTHRAYAM  KC 2.5KG,532.5
KC,DASAMOOLAKADUTHRAYAM  KC 250GM,67
KC,DASAMOOLAKADUTHRAYAM  KC 500GM,130
KC,DASAMOOLAM  KC 1KG,161
KC,DASAMOOLAM  KC 2KG,266
KC,DHANWANTHARAM  KC 1KG,224
KC,DHANWANTHARAM  KC 250GM,60
KC,DHANWANTHARAM  KC 2KG,376
KC,DHANWANTHARAM  KC 500GM,116
KC,DRAKSHADI  KC 1KG,756
KC,DRAKSHADI  KC 2.5KG,1572.5
KC,DRAKSHADI  KC 250GM,189
KC,DRAKSHADI  KC 500GM,378
KC,ELAKANADI  KC 1KG,469
KC,ELAKANADI  KC 2.5KG,977.5
KC,ELAKANADI  KC 250GM,119
KC,ELAKANADI  KC 500GM,238
KC,GANDHARVAHASTHADI  KC 1KG,231
KC,GANDHARVAHASTHADI  KC 2.5KG,477.5
KC,GANDHARVAHASTHADI  KC 250GM,60
KC,GANDHARVAHASTHADI  KC 500GM,116
KC,GOJIHWADI  KC 100 GM,32
KC,GOJIHWADI  KC 1KG,294
KC,GOJIHWADI  KC 250GM,63
KC,GOJIHWADI  KC 500GM,151
KC,GULGULUTHIKTHAKAM  KC 500GM,168
KC,GULUCHYADI  KC 1KG,207
KC,GULUCHYADI  KC 2.5KG,430
KC,GULUCHYADI  KC 250GM,53
KC,GULUCHYADI  KC 500GM,105
KC,INDUKANTHAM  KC 100GM,21
KC,INDUKANTHAM  KC 2.5KG,450
KC,INDUKANTHAM  KC 500GM,109
KC,INDUKANTHAM  KC 50GM,14
KC,KAIDARYADI  KC 1KG,273
KC,KAIDARYADI  KC 250GM,70
KC,KAIDARYADI  KC 500GM,140
KC,MAHARASNADI  KC 1KG,312
KC,MAHARASNADI  KC 2.5KG,647.5
KC,MAHARASNADI  KC 250GM,81
KC,MAHARASNADI  KC 500GM,158
KC,MANJISHTYADI  KC 1KG,249
KC,MANJISHTYADI  KC 250GM,63
KC,MANJISHTYADI  KC 3KG,621
KC,MANJISHTYADI  KC 500GM,126
KC,MRIDWEEKADI  KC 1KG,312
KC,MRIDWEEKADI  KC 250GM,81
KC,MRIDWEEKADI  KC 500GM,158
KC,MUSALIKADIRADI  KC 1KG,189
KC,MUSALIKADIRADI  KC 250GM,49
KC,MUSALIKADIRADI  KC 500GM,95
KC,MUSTHAKARANCHADI  KC 1KG,273
KC,MUSTHAKARANCHADI  KC 250GM,70
KC,MUSTHAKARANCHADI  KC 500GM,140
KC,NAYOPAYAM  KC 1KG,319
KC,NAYOPAYAM  KC 250GM,81
KC,NAYOPAYAM  KC 500GM,161
KC,NEELIKARANJADI  KC 1KG,693
KC,NEELIKARANJADI  KC 250GM,175
KC,NEELIKARANJADI  KC 500GM,350
KC,NEELIMOOLADI  KC 1KG,585
KC,NEELIMOOLADI  KC 250GM,147
KC,NEELIMOOLADI  KC 500GM,294
KC,NEELITHULASYADI  KC 1KG,410
KC,NEELITHULASYADI  KC 250GM,105
KC,NEELITHULASYADI  KC 500GM,207
KC,NIRGUNYADI  KC 1KG,319
KC,NIRGUNYADI  KC 250GM,81
KC,NIRGUNYADI  KC 500GM,161
KC,NISAKATHAKADI  KC 1KG,231
KC,NISAKATHAKADI  KC 2.5KG,477.5
KC,NISAKATHAKADI  KC 250GM,60
KC,NISAKATHAKADI  KC 500GM,116
KC,PADOLADIGANAM  KC 1KG,1141
KC,PADOLADIGANAM  KC 250GM,287
KC,PADOLADIGANAM  KC 2KG,1904
KC,PADOLADIGANAM  KC 500GM,574
KC,PADOLAMOOLADI KSC 500G,147
KC,PANCHATHIKTHAKAM  KC 1KG,231
KC,PANCHATHIKTHAKAM  KC 250GM,60
KC,PANCHATHIKTHAKAM  KC 2KG,382
KC,PANCHATHIKTHAKAM  KC 500GM,116
KC,PASHANABEDADI  KC 100GM,32
KC,PASHANABEDADI  KC 1KG,287
KC,PASHANABEDADI  KC 500GM,147
KC,PATHYADI  KC 1KG,214
KC,PATHYADI  KC 250GM,56
KC,PATHYADI  KC 3KG,537
KC,PATHYADI  KC 500GM,109
KC,PATHYAKSHADHATHRYADI  KC 1KG,161
KC,PATHYAKSHADHATHRYADI  KC 500GM,81
KC,PHALATHRIKADI  KC 100GM,39
KC,PHALATHRIKADI  KC 1KG,361
KC,PHALATHRIKADI  KC 500GM,182
KC,PRASARANYADI  KC 500GM,140
KC,PUNARNAVADI  KC 1KG,242
KC,PUNARNAVADI  KC 2.5KG,500
KC,PUNARNAVADI  KC 250GM,63
KC,PUNARNAVADI  KC 500GM,123
KC,RASNASAPTHAKAM  KC 1KG,189
KC,RASNASAPTHAKAM  KC 2.5KG,395
KC,RASNASAPTHAKAM  KC 500GM,98
KC,RASNERANDADI  KC 1KG,287
KC,RASNERANDADI  KC 2.5KG,600
KC,RASNERANDADI  KC 250GM,74
KC,RASNERANDADI  KC 500GM,147
KC,SAHACHARADI  KC 1KG,259
KC,SAHACHARADI  KC 500GM,133
KC,SAHACHARADI  KC 50GM,67
KC,SAPTASARAM  KC 1KG,207
KC,SAPTASARAM  KC 2.5KG,430
KC,SAPTASARAM  KC 250GM,53
KC,SAPTASARAM  KC 500GM,105
KC,SHADANGAM  KC 500GM,287
KC,SHADANGAM  KC 50GM,28
KC,VARANADI  KC 1KG,207
KC,VARANADI  KC 250GM,53
KC,VARANADI  KC 500GM,105
KC,VASAGULUCHYADI  KC 1KG,522
KC,VASAGULUCHYADI  KC 500GM,263
KC,VASAGULUCHYADI  KC 50GM,28
KC,VIDHARYADI  KC 500GM,126
KC,VYAGHRYADI KC 1000G,410
KC,VYAGHRYADI KC 250G,123
KC,VYAGHRYADI KC 500G,221
KC,VYAGRATHI KC 1000GM,342
KC,VYAGRATHI KC 250GM,102
KC,VYAGRATHI KC 500GM,185
KC,VYOSHADI  KC 1KG,266
KC,VYOSHADI  KC 250GM,67
KC,VYOSHADI  KC 3KG,666
KC,VYOSHADI  KC 500GM,137
KSC,AMRUTHADHI KSC 500G,112
KSC,AMRUTHADHI KSC 50G,13
KSC,AMRUTHOTHARM KSC 500G,133
KSC,AMRUTHOTHARM KSC 50G,14
KSC,BALADHI SC 200G,63
KSC,BALADHI SC 50G,25
KSC,DASAMOOLAKADUTHRAYAM KSC 500G,200
KSC,DASAMOOLAKADUTHRAYAM KSC 50G,21
KSC,GANDHARVAHASTHADI KSC 500G,154
KSC,GANDHARVAHASTHADI KSC 50G,18
KSC,GULUCHYADHI KSC 500G,112
KSC,GULUCHYADHI KSC 50G,13
KSC,INDUKANTHAM KSC 500G,287
KSC,INDUKANTHAM KSC 50G,28
KSC,MAHARASNADHI KSC 500G,135
KSC,MAHARASNADHI KSC 50G,15
KSC,PADOLAMOOLADHI KSC 500G,124
KSC,PATHYADHI KSC 500G,151
KSC,PATHYADHI KSC 50G,17
KSC,PUNARNAVADHI KSC 500G,135
KSC,PUNARNAVADHI KSC 50G,15
KSC,RASNERANDADHI KSC 500G,127
KSC,RASNERANDADHI KSC 50G,18
LEHYAM,AGASTHYARASAYANAM 200GM,63
LEHYAM,AGASTHYARASAYANAM 500GM,154
LEHYAM,AJAMAMSARASAYANAM 400GM,203
LEHYAM,AMRITHAPRASAM 200 GM,102
LEHYAM,AMRITHAPRASAM 500GM,252
LEHYAM,ASWAGHANDHADI LEHYAM 400GM,158
LEHYAM,BHRAMARASAYANAM 200 GM,63
LEHYAM,BHRAMARASAYANAM 500GM,161
LEHYAM,CHAVANAPRASAM CF SPL 250GM,121
LEHYAM,CHAVANAPRASAM CF SPL 500GM,259
LEHYAM,CHINCAHADI LEHYAM 200GM,109
LEHYAM,CHINCAHADI LEHYAM 500GM,266
LEHYAM,CHYAVANAPRASAM 200GM,70
LEHYAM,CHYAVANAPRASAM 500GM,168
LEHYAM,DASAMOOLAHARITHAKI 200GM,60
LEHYAM,DASAMOOLAHARITHAKI 500GM,151
LEHYAM,DASAMOOLARASAYANAM 100GM,123
LEHYAM,DASAMOOLARASAYANAM 25GM,32
LEHYAM,DRAKSHADI LEHYAM 200GM,112
LEHYAM,DRAKSHADI LEHYAM 500GM,280
LEHYAM,ELADIRASAYANAM 50GM,81
LEHYAM,GOMOOTHRAHAREETHAKI 200GM,63
LEHYAM,GOMOOTHRAHAREETHAKI 500GM,154
LEHYAM,HARIDRAGHANDAM 50GM,28
LEHYAM,HRIDYAVIRECHANANM 200GM,67
LEHYAM,HRIDYAVIRECHANANM 500GM,168
LEHYAM,KADHALEERASAYANAM 200GM,210
LEHYAM,KADHALEERASAYANAM 500GM,522
LEHYAM,KALLYANANGULAM 200GM,60
LEHYAM,KALLYANANGULAM 500GM,151
LEHYAM,KOOSMANDARASAYANAM 200GM,84
LEHYAM,KOOSMANDARASAYANAM 500GM,203
LEHYAM,KUDAJA LEHYAM 200GM,77
LEHYAM,KUDAJA LEHYAM 500GM,186
LEHYAM,MANIBHADRAM LEHYAM 200GM,63
LEHYAM,MANIBHADRAM LEHYAM 500GM,158
LEHYAM,NARASIMHARASAYANAM 200GM,84
LEHYAM,PANJAJEERAKAGUDAM 250GM,98
LEHYAM,PULIMKUZHAMBU 100GM,112
LEHYAM,SATHAVARIGULAM 200GM,84
LEHYAM,SATHAVARIGULAM 500GM,196
LEHYAM,SOORANAVA LEHYAM 200GM,77
LEHYAM,SOUBAGYASUNDI MODAKAM 100GM,56
LEHYAM,SOUBAGYASUNDI MODAKAM 200GM,112
LEHYAM,SOUBAGYASUNDI MODAKAM 500GM,277
LEHYAM,SUKUMARARASAYANAM 200GM,119
LEHYAM,SUKUMARARASAYANAM 500GM,294
LEHYAM,THALEESAVADAKAM 200GM,105
LEHYAM,THALEESAVADAKAM 500GM,263
LEHYAM,THALEESAVADAKAM GRANULES 100GM,53
LEHYAM,THARAMANDOORAM 200GM,133
LEHYAM,THENGINPOOKULAMRUTHAM 400GM,171
LEHYAM,VALIYAMADHUSNUHIRASAYANAM 200GM,88
LEHYAM,VALIYAMADHUSNUHIRASAYANAM 500GM,221
LEHYAM,VIDARYATHI LEHYAM 200GM,81
LEHYAM,VIDARYATHI LEHYAM 500GM,200
LEHYAM,VILWADI LEHYAM 200GM,84
LEHYAM,VILWADI LEHYAM 500GM,193
LEHYAM,VYOSHADI VADAKAM 50GM,28
OINTMENT,BURNCURE OINTMENT 25GM,48
OINTMENT,K K LEPAM 25GM,53
OINTMENT,MURIVENNA OINTMENT 10GM,29
OINTMENT,OUSHADHI BLISS BALM 10GM,32
OINTMENT,PSORSET OINTMENT 50GM,63
OINTMENT,RHEUMAJITH 10GM,33
RASAKRIYA,ELANEERKUZHAMBU 10ML,40
RASAKRIYA,ELANEERKUZHAMBU 50ML,192
SYRUP,ASHTACHOORNAM SYRUP 100ML,49
SYRUP,INDHUKANTHAM SYRUP 100ML,27
SYRUP,OUSHADHI COUGH SYRUP 100ML,46
SYRUP,RAJANYADI CHOORNAM SYRUP 100ML,29
THAILAM,AMRUTHATHI THAILAM (BIG) 100ML,84
THAILAM,AMRUTHATHI THAILAM (BIG) 200ML,168
THAILAM,AMRUTHATHI THAILAM (BIG) 450ML,371
THAILAM,AMRUTHATHI THAILAM (SMALL) 100ML,56
THAILAM,AMRUTHATHI THAILAM (SMALL) 200ML,109
THAILAM,AMRUTHATHI THAILAM (SMALL) 450ML,238
THAILAM,ANU THAILAM 10ML,60
THAILAM,ANU THAILAM 50ML,287
THAILAM,ARIMEDADI DROPS 10ML,35
THAILAM,ARIMEDADI THAILAM 100ML,53
THAILAM,ARIMEDADI THAILAM 200ML,105
THAILAM,ARIMEDADI THAILAM 450ML,238
THAILAM,ARUKALADHI THAILAM 100ML,46
THAILAM,ARUKALADHI THAILAM 100ML,39
THAILAM,ARUKALADHI THAILAM 200ML,91
THAILAM,ARUKALADHI THAILAM 450ML,207
THAILAM,ASANAELADHI CO OIL 100ML,77
THAILAM,ASANAELADHI CO OIL 200ML,147
THAILAM,ASANAELADHI CO OIL 450ML,326
THAILAM,ASANAELADI CO-OIL 50ML,42
THAILAM,ASANAELADI THAILAM 100ML,67
THAILAM,ASANAELADI THAILAM 200ML,130
THAILAM,ASANAELADI THAILAM 450ML,291
THAILAM,ASANAMANJISHTADITHAILAM 100ML,56
THAILAM,ASANAMANJISHTADITHAILAM 200ML,109
THAILAM,ASANAMANJISHTADITHAILAM 450ML,245
THAILAM,ASANAVILWADHI CO OIL 100ML,63
THAILAM,ASANAVILWADHI CO OIL 200ML,123
THAILAM,ASANAVILWADHI CO OIL 450ML,273
THAILAM,ASANAVILWADHI THAILAM 100ML,49
THAILAM,ASANAVILWADHI THAILAM 200ML,95
THAILAM,ASANAVILWADHI THAILAM 450ML,214
THAILAM,BALA THAILAM 10ML,63
THAILAM,BALADHATHRYADI THAILAM 100ML,84
THAILAM,BALADHATHRYADI THAILAM 200ML,165
THAILAM,BALADHATHRYADI THAILAM 450ML,371
THAILAM,BALAGULUCHYADHI CO OIL 100ML,63
THAILAM,BALAGULUCHYADHI CO OIL 200ML,123
THAILAM,BALAGULUCHYADHI CO OIL 450ML,273
THAILAM,BALAGULUCHYADI THAILAM 100ML,49
THAILAM,BALAGULUCHYADI THAILAM 200ML,98
THAILAM,BALAGULUCHYADI THAILAM 450ML,221
THAILAM,BALAHATADHI THAILAM 100ML,49
THAILAM,BALAHATADHI THAILAM 200ML,98
THAILAM,BALAHATADHI THAILAM 450ML,221
THAILAM,BALASWANGADHADI THAILAM 100ML,67
THAILAM,BALASWANGADHADI THAILAM 200ML,133
THAILAM,BALASWANGADHADI THAILAM 450ML,301
THAILAM,BRINGAMALAKADI THAILAM 100ML,56
THAILAM,BRINGAMALAKADI THAILAM 200ML,109
THAILAM,BRINGAMALAKADI THAILAM 450ML,245
THAILAM,CHANDANADI THAILAM 100ML,91
THAILAM,CHANDANADI THAILAM 200ML,182
THAILAM,CHANDANADI THAILAM 450ML,406
THAILAM,CHEMPARATHYADHI CO OIL 100ML,63
THAILAM,CHEMPARATHYADHI CO OIL 200ML,126
THAILAM,CHEMPARATHYADHI CO OIL 450ML,277
THAILAM,CHINJADHI THAILAM 100ML,53
THAILAM,CHINJADHI THAILAM 200ML,105
THAILAM,CHINJADHI THAILAM 450ML,221
THAILAM,DHANWANTHARAM 101 TIMES 10ML,95
THAILAM,DHANWANTHARAM 14 TIMES 10ML,39
THAILAM,DHANWANTHARAM 21 TIMES 10ML,46
THAILAM,DHANWANTHARAM 41 TIMES 10ML,63
THAILAM,DHANWANTHARAM 7 TIMES 10ML,28
THAILAM,DHANWANTHARAM KUZHAMBU 100ML,67
THAILAM,DHANWANTHARAM KUZHAMBU 200ML,130
THAILAM,DHANWANTHARAM KUZHAMBU 450ML,291
THAILAM,DHANWANTHARAM THAILAM (MEZHUKUPAKAM) 200 ML,140
THAILAM,DHANWANTHARAM THAILAM (MEZHUKUPAKAM) 450 ML,315
THAILAM,DHANWANTHARAM THAILAM 100ML,67
THAILAM,DHANWANTHARAM THAILAM 200ML,133
THAILAM,DHANWANTHARAM THAILAM 450ML,301
THAILAM,DINESELADI CO OIL 100ML,70
THAILAM,DINESELADI CO OIL 200ML,140
THAILAM,DINESELADI CO OIL 450ML,308
THAILAM,DURDHURAPATHRADHI CO OIL 100ML,77
THAILAM,DURDHURAPATHRADHI CO OIL 200ML,151
THAILAM,DURDHURAPATHRADHI CO OIL 450ML,336
THAILAM,ELADI CO OIL 100ML,74
THAILAM,ELADI CO OIL 200ML,144
THAILAM,ELADI CO OIL 450ML,315
THAILAM,ELADI THAILAM 100ML,67
THAILAM,ELADI THAILAM 200ML,133
THAILAM,ELADI THAILAM 450ML,301
THAILAM,ELANEERKUZHAMBU 10G,49
THAILAM,ELANEERKUZHAMBU 50G,245
THAILAM,ERANDA THAILAM 450 ML,217
THAILAM,GANDHA TAILAM 10ML,67
THAILAM,GANDHARVAHASTHADI THAILAM 450ML,270
THAILAM,GANDHARVAHASTHADI THAILAM 50ML,32
THAILAM,GOPADMAJADI CO OIL 100ML,82
THAILAM,GOPADMAJADI CO OIL 200ML,163
THAILAM,GOPADMAJADI CO OIL 450ML,361
THAILAM,GULGULUMARIJADI THAILAM 500ML,288
THAILAM,GULGULUMARIJADI THAILAM 50ML,31
THAILAM,HINGUTHRIGUNAM 500ML,455
THAILAM,HINGUTHRIGUNAM 50ML,46
THAILAM,INDUKANTHAM SYRUP 100ML,29
THAILAM,JATHYADI CO OIL 100ML,67
THAILAM,JATHYADI CO OIL 200ML,126
THAILAM,JATHYADI CO OIL 450ML,277
THAILAM,JEEVANTHYADHIYAMAKAM 50ML,49
THAILAM,KANJUNNYADI CO OIL 100ML,70
THAILAM,KANJUNNYADI CO OIL 200ML,140
THAILAM,KANJUNNYADI CO OIL 450ML,308
THAILAM,KANJUNNYADI THAILAM 100ML,53
THAILAM,KANJUNNYADI THAILAM 200ML,102
THAILAM,KANJUNNYADI THAILAM 450ML,228
THAILAM,KARAPPAN THAILAM 100ML,71
THAILAM,KARAPPAN THAILAM 200ML,142
THAILAM,KARAPPAN THAILAM 450ML,312
THAILAM,KARNAPOORANA THAILAM 450ML,312
THAILAM,KARNAPOORANA THAILAM 50ML,35
THAILAM,KARPASASTHYADHI KUZAMBU 100ML,49
THAILAM,KARPASASTHYADHI KUZAMBU 200ML,95
THAILAM,KARPASASTHYADHI KUZAMBU 450ML,214
THAILAM,KARPOORADHI THAILAM 100ML,69
THAILAM,KARPOORADHI THAILAM 200ML,134
THAILAM,KARPOORADHI THAILAM 450ML,295
THAILAM,KARPPASASTHYADI THAILAM 100ML,53
THAILAM,KARPPASASTHYADI THAILAM 200ML,102
THAILAM,KARPPASASTHYADI THAILAM 450ML,228
THAILAM,KASISADI THAILAM 100ML,49
THAILAM,KASISADI THAILAM 450ML,210
THAILAM,KOTTAMCHUKKADI KUZHAMBU 100ML,49
THAILAM,KOTTAMCHUKKADI KUZHAMBU 200ML,98
THAILAM,KOTTAMCHUKKADI KUZHAMBU 450ML,210
THAILAM,KOTTAMCHUKKADI THAILAM 100ML,49
THAILAM,KOTTAMCHUKKADI THAILAM 200ML,98
THAILAM,KOTTAMCHUKKADI THAILAM 450ML,214
THAILAM,KSHEERABALA 101 TIMES 10ML,81
THAILAM,KSHEERABALA 14 TIMES 10ML,42
THAILAM,KSHEERABALA 21 TIMES 10ML,49
THAILAM,KSHEERABALA 41 TIMES 10ML,53
THAILAM,KSHEERABALA 7 TIMES 10ML,32
THAILAM,KSHEERABALA THAILAM 100ML,60
THAILAM,KSHEERABALA THAILAM 200ML,116
THAILAM,KSHEERABALA THAILAM 450ML,259
THAILAM,KURUNTHOTTI ENNA 100ML,60
THAILAM,KURUNTHOTTI ENNA 200ML,116
THAILAM,KURUNTHOTTI ENNA 450ML,256
THAILAM,LAGHUVISHAGARBHA THAILAM 100ML,46
THAILAM,LAGHUVISHAGARBHA THAILAM 450ML,203
THAILAM,LAKSHADHI CO OIL 100ML,70
THAILAM,LAKSHADHI CO OIL 200ML,137
THAILAM,LAKSHADHI CO OIL 450ML,305
THAILAM,LAKSHADHI KUZHAMBU 100ML,53
THAILAM,LAKSHADHI KUZHAMBU 200ML,105
THAILAM,LAKSHADHI KUZHAMBU 450ML,238
THAILAM,LAKSHADI THAILAM 100ML,56
THAILAM,LAKSHADI THAILAM 200ML,109
THAILAM,LAKSHADI THAILAM 450ML,245
THAILAM,LAKSHMIVILASA THAILAM 200ML,85
THAILAM,LAKSHMIVILASA THAILAM 450ML,187
THAILAM,MADHUYASHTYADI THAILAM 100ML,70
THAILAM,MADHUYASHTYADI THAILAM 200ML,154
THAILAM,MADHUYASHTYADI THAILAM 450ML,347
THAILAM,MAHACHANDANADI THAILAM 100ML,103
THAILAM,MAHACHANDANADI THAILAM 200ML,207
THAILAM,MAHACHANDANADI THAILAM 450ML,462
THAILAM,MAHAMASHA THAILAM 100ML,105
THAILAM,MAHAMASHA THAILAM 200ML,210
THAILAM,MAHAMASHA THAILAM 450ML,473
THAILAM,MAHANARAYANA THAILAM 100ML,77
THAILAM,MAHANARAYANA THAILAM 200ML,154
THAILAM,MAHANARAYANA THAILAM 450ML,329
THAILAM,MALATHYADHI KERAM 100ML,70
THAILAM,MALATHYADHI KERAM 200ML,140
THAILAM,MALATHYADHI KERAM 450ML,326
THAILAM,MARICHADHI THAILAM 100ML,60
THAILAM,MARICHADHI THAILAM 200ML,112
THAILAM,MARICHADHI THAILAM 450ML,245
THAILAM,MURIVENNA 100ML,77
THAILAM,MURIVENNA 200ML,133
THAILAM,MURIVENNA 450ML,280
THAILAM,NAGARADI THAILAM 100ML,88
THAILAM,NAGARADI THAILAM 200ML,175
THAILAM,NAGARADI THAILAM 450ML,396
THAILAM,NALPAMARADI KERAM 100ML,70
THAILAM,NALPAMARADI KERAM 200ML,133
THAILAM,NALPAMARADI KERAM 450ML,277
THAILAM,NARAYANA THAILAM 100ML,82
THAILAM,NARAYANA THAILAM 200ML,165
THAILAM,NARAYANA THAILAM 450ML,371
THAILAM,NEELI THAILAM 100ML,74
THAILAM,NEELI THAILAM 200ML,148
THAILAM,NEELI THAILAM 450ML,326
THAILAM,NEELIBRINGADI CO OIL 100ML,98
THAILAM,NEELIBRINGADI CO OIL 200ML,186
THAILAM,NEELIBRINGADI CO OIL 450ML,385
THAILAM,NEELIBRINGADI THAILAM 100ML,74
THAILAM,NEELIBRINGADI THAILAM 200ML,144
THAILAM,NEELIBRINGADI THAILAM 450ML,322
THAILAM,NEELOLPALADI THAILAM 200ML,64
THAILAM,NEELOLPALADI THAILAM 450ML,140
THAILAM,OUSHADHI ARIMEDADI DROPS 10ML,36
THAILAM,OUSHADHI BABY OIL 100ML,98
THAILAM,OUSHADHI FACE PACK 50GS,115
THAILAM,OUSHADHI HAIR TONE 100ML,137
THAILAM,OUSHADHI HAIR TONE 200ML,266
THAILAM,OUSHADHI SANITIZER 100 ML,36
THAILAM,OUSHADHI SANITIZER 200ML,66
THAILAM,OUSHADHI SANITIZER 50ML,20
THAILAM,PANCHAMLA THAILAM 100ML,51
THAILAM,PANCHAMLA THAILAM 200ML,102
THAILAM,PANCHAMLA THAILAM 450ML,228
THAILAM,PARANTHYADI THAILAM 100ML,168
THAILAM,PARANTHYADI THAILAM 200ML,322
THAILAM,PARANTHYADI THAILAM 450ML,721
THAILAM,PARINATHAKERIKSHERATHAILAM 100ML,60
THAILAM,PARINATHAKERIKSHERATHAILAM 200ML,116
THAILAM,PARINATHAKERIKSHERATHAILAM 450ML,259
THAILAM,PINDA THAILAM 100ML,53
THAILAM,PINDA THAILAM 200ML,102
THAILAM,PINDA THAILAM 450ML,228
THAILAM,PIPPALLYADHYANUVASANAM THAILAM 100ML,53
THAILAM,PIPPALLYADHYANUVASANAM THAILAM 200ML,102
THAILAM,PIPPALLYADHYANUVASANAM THAILAM 450ML,228
THAILAM,PRABHANJANAVIMARDHANAM 100ML,56
THAILAM,PRABHANJANAVIMARDHANAM 200ML,109
THAILAM,PRABHANJANAVIMARDHANAM 450ML,245
THAILAM,PRASARANI THAILAM (SMALL) 100ML,54
THAILAM,PRASARANI THAILAM (SMALL) 200ML,109
THAILAM,PRASARANI THAILAM (SMALL) 450ML,245
THAILAM,PRASARANY THAILAM (BIG) 100ML,95
THAILAM,PRASARANY THAILAM (BIG) 200ML,186
THAILAM,PRASARANY THAILAM (BIG) 450ML,413
THAILAM,PSORSET OIL 100ML,112
THAILAM,RASNADI THAILAM 100ML,49
THAILAM,RASNADI THAILAM 200ML,98
THAILAM,RASNADI THAILAM 450ML,221
THAILAM,RASOTHAMADI LEPAM 500GM,483
THAILAM,RASOTHAMADI LEPAM 50GM,49
THAILAM,SAHACHARADI KUZHAMBU 100ML,67
THAILAM,SAHACHARADI KUZHAMBU 200ML,130
THAILAM,SAHACHARADI KUZHAMBU 450ML,270
THAILAM,SAHACHARADI THAILAM (MEZHUKUPAKAM) 100ML,81
THAILAM,SAHACHARADI THAILAM (MEZHUKUPAKAM) 200ML,161
THAILAM,SAHACHARADI THAILAM (MEZHUKUPAKAM) 450ML,238
THAILAM,SAHACHARADI THAILAM 100ML,60
THAILAM,SAHACHARADI THAILAM 200ML,119
THAILAM,SAHACHARADI THAILAM 450ML,259
THAILAM,SANGHUPUSHPADI ENNA 100ML,53
THAILAM,SANGHUPUSHPADI ENNA 200ML,102
THAILAM,SANGHUPUSHPADI ENNA 450ML,224
THAILAM,SANGUPUSHPADI OIL 100ML,45
THAILAM,SANGUPUSHPADI OIL 200ML,84
THAILAM,SANGUPUSHPADI OIL 450ML,186
THAILAM,SARC SPECIAL THAILAM 50ML,81
THAILAM,SATHAHWADI KUZHAMBU 100ML,35
THAILAM,SATHAHWADI KUZHAMBU 200ML,70
THAILAM,SATHAHWADI KUZHAMBU 450ML,158
THAILAM,SEETHAMSU THAILAM 100ML,39
THAILAM,SEETHAMSU THAILAM 200ML,77
THAILAM,SEETHAMSU THAILAM 450ML,168
THAILAM,SUDHABALA THAILAM 100ML,49
THAILAM,SUDHABALA THAILAM 200ML,98
THAILAM,SUDHABALA THAILAM 450ML,221
THAILAM,SUDHADURVADI CO OIL 100ML,91
THAILAM,SUDHADURVADI CO OIL 200ML,179
THAILAM,SUDHADURVADI CO OIL 450ML,396
THAILAM,SURASADI THAILAM 100ML,70
THAILAM,SURASADI THAILAM 200ML,140
THAILAM,SURASADI THAILAM 450ML,308
THAILAM,THEKARAJA THAILAM 100ML,67
THAILAM,THEKARAJA THAILAM 200ML,133
THAILAM,THEKARAJA THAILAM 450ML,301
THAILAM,THENGINPUSHPADHI THAILAM 200ML,106
THAILAM,THENGINPUSHPADHI THAILAM 450ML,235
THAILAM,THRIBALADHI CO OIL 100ML,77
THAILAM,THRIPHALADI CO OIL 200ML,140
THAILAM,THRIPHALADI CO OIL 450ML,308
THAILAM,THRIPHALADI CO.OIL 100ML,77
THAILAM,THRIPHALADI THAILAM 450ML,245
THAILAM,TRIPHALADI THAILAM 100ML,60
THAILAM,TRIPHALADI THAILAM 200ML,119
THAILAM,VACHADHI THAILAM 200ML,85
THAILAM,VACHADHI THAILAM 450ML,188
THAILAM,VACHALASUNADI THAILAM 100ML,63
THAILAM,VACHALASUNADI THAILAM 200ML,126
THAILAM,VACHALASUNADI THAILAM 450ML,284
THAILAM,VAJRAKA THAILAM 100ML,49
THAILAM,VAJRAKA THAILAM 200ML,95
THAILAM,VAJRAKA THAILAM 450ML,214
THAILAM,VATHAMARDDHANAM KUZHAMBU 100ML,84
THAILAM,VATHAMARDDHANAM KUZHAMBU 200ML,165
THAILAM,VATHAMARDDHANAM KUZHAMBU 450ML,363
THAILAM,VATHAVIDHWAMSANI THAILAM 100ML,46
THAILAM,VATHAVIDHWAMSANI THAILAM 200ML,91
THAILAM,VATHAVIDHWAMSANI THAILAM 450ML,207
THAILAM,VEPPUKADY 200ML,21
THAILAM,VEPPUKADY 450ML,42
THAILAM,VEPPUKADY 5000ML,420
THAILAM,VILLYAMPACHOTTYADI THAILAM 100ML,56
THAILAM,VILLYAMPACHOTTYADI THAILAM 200ML,112
THAILAM,VILLYAMPACHOTTYADI THAILAM 450ML,252
